gtin14,weight,label,category
07790742348302,0.14,Leche entera 3% 1 L,Lácteos
07790060023684,0.08,Aceite de girasol 1.5 L,Almacén
02900002002058,0.09,Fideos mostacholes 500 g,Almacén
00763571680872,0.07,Yerba mate 250 g,Desayuno y Merienda
07790150150276,0.08,Café tostado 150 g,Café molido y en grano
07790639003437,0.06,Gaseosa cola 2.25 L,Bebidas
07790315000149,0.06,Agua mineral 1.65 L,Bebidas
00744430256209,0.07,Yogur bebible 250 g,Lácteos
07798079230284,0.07,Harina de arroz 1 kg,Almacén
00000077987839,0.06,Alfajor de arroz,Almacén
07790990002261,0.11,Detergente en polvo 800 g,Limpieza
07790310985458,0.11,Papas fritas 85 g,Frutas y Verduras
