month,cpi_index,source_url
2025-03-01,8353.3158,https://apis.datos.gob.ar/series/api/series/?ids=145.3_INGNACNAL_DICI_M_15
2025-04-01,8585.6078,https://apis.datos.gob.ar/series/api/series/?ids=145.3_INGNACNAL_DICI_M_15
2025-05-01,8714.4871,https://apis.datos.gob.ar/series/api/series/?ids=145.3_INGNACNAL_DICI_M_15
2025-06-01,8855.5681,https://apis.datos.gob.ar/series/api/series/?ids=145.3_INGNACNAL_DICI_M_15
2025-07-01,9023.9730,https://apis.datos.gob.ar/series/api/series/?ids=145.3_INGNACNAL_DICI_M_15
2025-08-01,9193.2441,https://apis.datos.gob.ar/series/api/series/?ids=145.3_INGNACNAL_DICI_M_15
2025-09-01,9384.0922,https://apis.datos.gob.ar/series/api/series/?ids=145.3_INGNACNAL_DICI_M_15
2025-10-01,9603.8623,https://apis.datos.gob.ar/series/api/series/?ids=145.3_INGNACNAL_DICI_M_15
2025-11-01,9841.3581,https://apis.datos.gob.ar/series/api/series/?ids=145.3_INGNACNAL_DICI_M_15
2025-12-01,10121.3715,https://apis.datos.gob.ar/series/api/series/?ids=145.3_INGNACNAL_DICI_M_15
2026-01-01,10413.0309,https://apis.datos.gob.ar/series/api/series/?ids=145.3_INGNACNAL_DICI_M_15
2026-02-01,10714.6255,https://apis.datos.gob.ar/series/api/series/?ids=145.3_INGNACNAL_DICI_M_15
2026-03-01,11077.0608,https://apis.datos.gob.ar/series/api/series/?ids=145.3_INGNACNAL_DICI_M_15
2026-04-01,11363.0904,https://apis.datos.gob.ar/series/api/series/?ids=145.3_INGNACNAL_DICI_M_15
2026-05-01,11607.3937,https://apis.datos.gob.ar/series/api/series/?ids=145.3_INGNACNAL_DICI_M_15
2026-06-01,11826.4103,https://apis.datos.gob.ar/series/api/series/?ids=145.3_INGNACNAL_DICI_M_15
2026-07-01,12076.3937,https://apis.datos.gob.ar/series/api/series/?ids=145.3_INGNACNAL_DICI_M_15
2026-08-01,12276.7660,https://apis.datos.gob.ar/series/api/series/?ids=145.3_INGNACNAL_DICI_M_15
